{"number_episodes": 3, "episode_rewards": [872.9999999999851, 897.8999999999845, 754.6999999999592], "mean_all_episodes": 841.866666666643, "std_all_episodes": 62.46878331527172}