{"number_episodes": 2, "episode_rewards": [806.7999999999693, 800.9999999999653], "mean_all_episodes": 803.8999999999673, "std_all_episodes": 2.900000000001967}