{"number_episodes": 8, "episode_rewards": [806.7999999999693, 800.9999999999653, 732.6999999999589, 637.5999999999317, 748.2999999999519, 775.2999999999672, 817.7999999999702, 775.599999999965], "mean_all_episodes": 761.8874999999599, "std_all_episodes": 54.22749389148695}