{"number_episodes": 3, "episode_rewards": [806.7999999999693, 800.9999999999653, 732.6999999999589], "mean_all_episodes": 780.1666666666312, "std_all_episodes": 33.64742024121853}