{"number_episodes": 6, "episode_rewards": [806.7999999999693, 800.9999999999653, 732.6999999999589, 637.5999999999317, 748.2999999999519, 775.2999999999672], "mean_all_episodes": 750.2833333332907, "std_all_episodes": 56.86649325883349}