{"number_episodes": 11, "episode_rewards": [872.9999999999851, 897.8999999999845, 754.6999999999592, 770.6999999999604, 891.3999999999801, 901.9999999999814, 897.299999999982, 884.3999999999816, 877.2999999999797, 900.2999999999885, 893.7999999999803], "mean_all_episodes": 867.5272727272512, "std_all_episodes": 50.314611846760116}