{"number_episodes": 2, "episode_rewards": [756.5999999999641, 631.8999999999302], "mean_all_episodes": 694.2499999999471, "std_all_episodes": 62.35000000001696}