{"number_episodes": 6, "episode_rewards": [872.9999999999851, 897.8999999999845, 754.6999999999592, 770.6999999999604, 891.3999999999801, 901.9999999999814], "mean_all_episodes": 848.2833333333086, "std_all_episodes": 61.36539243653695}