{"number_episodes": 11, "episode_rewards": [806.7999999999693, 800.9999999999653, 732.6999999999589, 637.5999999999317, 748.2999999999519, 775.2999999999672, 817.7999999999702, 775.599999999965, 763.4999999999558, 586.1999999999168, 760.2999999999556], "mean_all_episodes": 745.918181818137, "std_all_episodes": 68.48422271102095}