{"number_episodes": 9, "episode_rewards": [806.7999999999693, 800.9999999999653, 732.6999999999589, 637.5999999999317, 748.2999999999519, 775.2999999999672, 817.7999999999702, 775.599999999965, 763.4999999999558], "mean_all_episodes": 762.0666666666261, "std_all_episodes": 51.12868296977086}