{"number_episodes": 4, "episode_rewards": [756.5999999999641, 631.8999999999302, 443.59801980190184, 661.0999999999428], "mean_all_episodes": 623.2995049504348, "std_all_episodes": 113.5390810317336}