{"number_episodes": 1, "episode_rewards": [756.5999999999641], "mean_all_episodes": 756.5999999999641, "std_all_episodes": 0.0}